att_1,att_2,att_3,att_4,att_5,att_6,att_7,att_8,att_9,att_10,att_11,att_12,att_13,att_14,att_15,att_16,att_17,att_18,att_19,att_20,att_21,att_22,att_23,att_24,att_25,att_26,att_27,att_28,att_29,att_30,att_31,att_32,att_33,att_34,att_35,att_36,att_37,att_38,att_39,att_40,att_41,att_42,att_43,att_44,att_45,att_46,att_47,att_48,att_49,att_50,att_51,att_52,att_53,att_54,att_55,att_56,att_57,att_58,att_59,att_60,att_61,att_62,att_63,att_64,att_65,att_66,class
2.4767,5.220728,-0.180228,-1.871051,-0.870569,-0.396016,0.548202,0.414261,-0.483824,-0.504777,0.176026,0.142432,-0.467045,0.509938,0.398086,-0.561205,-0.118672,0.407251,0.629753,-0.364249,-0.2876,0.13725,0.040216,0.091476,-0.109232,0.122348,0.071283,-0.24153,0.035358,-0.120055,0.106214,-0.041828,0.077238,-0.0899,0.103428,-0.118088,0.136225,0.109697,0.249749,-0.130089,-0.103641,0.121824,0.094691,0.086059,-0.058413,0.010804,0.061223,-0.070852,0.142699,0.071824,-0.127402,0.007259,-0.089718,0.092982,0.082213,0.01061,-0.03249,0.02084,-0.070893,0.111472,0.068221,-0.013747,0.036071,0.031884,0.030397,-0.054251,-1
-4.89777,0.91722,-0.437752,-1.345338,-0.187793,-0.665843,-1.232,-0.025495,0.784186,0.435579,-0.380333,0.161777,0.455659,0.136491,0.085549,0.176987,-0.545121,-0.043802,0.176992,-0.271898,-0.232055,0.177532,-0.012932,0.026589,-0.152333,-0.102913,0.178382,-0.339479,-0.120416,-0.117792,0.320282,-0.045104,-0.23119,-0.05195,0.112966,-0.067288,-0.093192,-0.199451,-0.020732,0.112823,-0.066948,0.029466,-0.297389,0.053351,0.185012,0.044557,0.111557,-0.092319,-0.117969,-0.157436,-0.117653,-0.043496,0.061526,-0.020405,0.071675,-0.089494,-0.055046,0.007151,0.004559,-0.012325,0.022564,0.032151,0.008217,-0.004239,0.013257,0.071589,-1
9.57846,-0.577689,3.855123,-3.342428,-2.509256,0.845096,0.888725,0.33819,-0.825018,0.779154,-0.231496,0.465926,0.093742,0.194683,0.404103,0.339473,-0.281276,-0.595555,-0.035799,0.330408,-0.077187,-0.247667,-0.029932,0.339819,-0.059354,0.243921,0.021921,-0.018425,-0.081708,0.032133,-0.035703,0.202383,-0.095187,0.099307,0.001298,0.12908,-0.064969,0.097487,0.050265,-0.04093,-0.133823,-0.00179,0.023882,-0.046365,0.076848,-0.109974,0.032808,-0.04676,-0.02792,-0.146293,0.039892,-0.000959,0.020513,0.004592,0.000228,-0.010118,-0.010933,-0.097685,-0.046195,0.105538,-0.079563,-0.118855,-0.033256,-0.008286,-0.066326,0.574107,-1
-0.126401,4.472796,-0.034676,-2.457094,-1.09995,0.986759,0.241333,0.261628,-0.499359,-0.484221,0.091991,-0.137911,-0.478368,0.639857,0.253859,-0.653699,0.131913,0.490866,0.524569,-0.357884,-0.317344,0.243456,0.055785,-0.082124,0.040352,0.310841,-0.105545,-0.063022,0.041968,0.084923,0.439191,-0.008464,-0.141999,-0.07181,-0.084335,-0.202018,0.03811,-0.184627,-0.080521,0.024856,-0.114264,-0.171059,0.06152,-0.125484,-0.050638,-0.048928,-0.080493,0.0844,-0.065373,-0.001807,-0.048476,0.022472,-0.022452,-0.056401,-0.137741,0.133318,-0.051892,0.041078,0.024621,-0.051885,-0.030458,-0.017009,-0.0509,-0.011711,-0.047791,0.049647,-1
-5.291782,0.632517,-0.890151,-0.33802,-0.018359,-0.993709,0.376836,-0.470826,0.339599,-0.097154,0.300062,0.12062,0.061035,0.05527,0.238183,-0.115545,0.099221,-0.15186,0.371709,0.050609,-0.142363,-0.045519,0.252519,-0.092854,-0.008448,-0.352564,-0.092028,0.015764,0.095363,0.050808,-0.182633,-0.107318,0.04593,0.08607,-0.154673,-0.135764,0.067239,0.017923,-0.023598,-0.021235,-0.220721,0.081808,0.042077,-0.160792,-0.056099,-0.018519,0.028585,0.055253,-0.001608,-0.084214,0.089117,0.104006,0.245032,-0.0827,0.116991,0.115775,0.000627,-0.009853,0.010164,0.07981,0.003933,0.073232,0.034166,0.00954,0.00576,-0.132406,-1
-2.192506,0.169462,-0.213423,-1.664723,-2.481041,0.482669,1.096156,0.325914,-0.23076,0.051323,0.489673,0.802266,-0.106408,0.223034,-0.085879,-0.152837,-0.119689,0.033108,0.278645,0.193723,0.042044,-0.093736,0.134501,-0.085455,-0.187908,0.010162,-0.31541,0.039257,-0.106398,-0.139773,-0.051488,-0.200316,0.240554,0.110457,0.190821,-0.013341,0.113602,0.049884,-0.121575,0.113728,0.195733,0.119658,-0.05265,0.074325,0.011584,-0.081607,0.043646,-0.082839,0.093712,-0.053404,-0.005266,0.031212,0.033439,0.065618,-0.012948,0.015225,0.044333,0.066099,-0.031673,-0.067008,0.026249,0.055518,0.005815,-0.015284,-0.154415,0.02335,-1
-1.013852,1.683834,-1.627431,-1.621837,-0.885955,0.117534,0.256107,-0.490296,-0.108731,0.395004,-0.305541,0.085457,0.784307,-0.173986,0.058706,0.053011,0.047447,-0.232178,-0.041789,0.200786,0.081873,0.003562,-0.046256,0.08997,0.010743,-0.029306,0.080276,0.029358,0.00645,0.02508,0.059266,0.060048,-0.067637,0.07783,-0.175364,-0.092453,-0.156519,0.03038,-0.039409,-0.087754,0.075707,0.09929,0.015003,-0.076754,0.062565,-0.002614,-0.01582,0.102773,0.073896,-0.062599,0.031478,-0.1584,-0.023454,0.015922,-0.15355,-0.022308,0.020659,0.000309,-0.057995,0.041478,0.038435,0.099377,-0.029151,0.175163,0.003361,-0.05998,-1
-5.026732,0.735347,-1.824203,0.56087,-0.17176,-1.107395,0.728259,-0.634898,0.234427,0.697195,0.58917,0.003797,0.376496,0.433146,0.645583,-0.021657,0.050534,-0.109546,-0.428358,-0.215473,-0.076496,-0.281013,-0.283036,0.171336,-0.222757,-0.12451,0.222998,0.134159,-0.019002,0.01312,-0.103864,0.11795,-0.052509,0.104195,0.118215,0.06434,0.017209,0.133799,-0.043995,-0.018069,-0.02624,-0.007212,-0.01219,-0.114363,-0.012688,-0.029771,-0.127939,-0.133196,-0.243274,0.156683,-0.098532,0.16329,-0.044694,0.120071,-0.039086,-0.01194,-0.063009,-0.049117,0.056297,0.027072,-0.011364,0.077687,-0.007733,0.033994,-0.027591,0.043784,-1
-2.099573,0.265084,-4.533936,2.268316,0.119744,-1.548944,-0.583285,-0.950357,-0.335972,-0.93384,0.235017,1.089631,-0.135223,-0.900324,-0.373288,-0.59856,-0.786515,-0.137323,-0.202956,0.156603,0.399192,0.182215,-0.09948,0.342784,-0.231595,0.37886,0.344638,0.118681,-0.125187,-0.017581,0.027626,-0.012856,-0.355211,-0.188183,0.152441,0.139558,0.173904,0.008576,0.229781,-0.115856,-0.031511,0.038791,-0.016227,-0.094974,-0.073415,0.099104,-0.062893,0.040313,0.077247,-0.053247,-0.005605,-0.022698,0.052142,0.009026,-0.01332,0.014834,0.119284,-0.002214,0.052871,-0.023912,-0.030753,0.027537,-0.014425,-0.028629,-0.028452,-0.133863,-1
-7.802457,-0.365798,0.9395,1.207462,0.647519,0.358535,-0.564116,-0.15992,0.560745,-0.417293,0.299119,0.574522,0.360961,0.737799,0.22164,-0.158449,-0.110651,0.399122,0.292039,0.58596,0.27146,0.072465,-0.330453,-0.330489,0.48281,-0.128426,0.047064,0.13537,0.08077,-0.265129,0.084065,0.24428,-0.071868,0.080257,-0.005882,-0.027304,0.038909,-0.115774,0.118645,0.03023,0.229745,0.124741,0.207365,-0.1743,0.250375,-0.047255,-0.067057,0.013662,0.030039,0.049124,-0.055552,-0.043073,0.049397,0.027786,0.087187,0.007038,-0.034186,-0.011953,0.001967,0.001591,-0.000817,-0.04038,-0.048886,-0.031087,0.006049,-0.288772,-1
5.739401,4.726571,-0.239622,0.204927,-1.22752,-0.97762,1.466167,-0.287039,-0.783668,-0.709387,-0.395196,-0.062405,-0.496735,-0.548777,0.06536,-0.159682,-0.231521,-0.304343,-0.156864,0.135356,0.153352,0.365957,-0.064534,0.11696,0.074833,-0.046859,0.054109,0.016582,-0.129632,-0.128712,-0.042957,0.181473,-0.02953,-0.098814,-0.058639,-0.20482,-0.178304,0.03409,-0.019716,0.106866,-0.027449,0.136203,0.085093,0.009332,-0.046286,0.03498,0.025553,-0.179791,0.009727,0.067438,0.099191,-0.030409,0.041352,-0.053443,-0.018133,0.015469,-0.08901,-0.129932,0.070068,-0.129836,0.102139,-0.039695,0.056093,0.014515,-0.012664,-0.102173,-1
-5.234367,0.696724,-1.130435,-0.030141,0.072241,-1.045127,0.543169,-0.342388,0.117103,-0.161838,0.545154,0.053269,-0.007892,0.157072,0.254237,0.042495,0.073011,-0.091873,0.377547,-0.073638,-0.135319,-0.051428,0.260847,-0.015695,0.027597,-0.11476,-0.002785,-0.022948,0.190734,-0.075824,-0.134641,-0.023865,0.014264,-0.150319,-0.044842,-0.011138,-0.072837,0.120639,0.056424,0.077366,-0.235945,0.081701,-0.007148,-0.05117,0.10513,0.06683,-0.159417,-0.032123,0.036532,0.107732,0.058299,-0.00621,0.056934,-0.020804,-0.104835,-0.186839,-0.00038,0.110507,-0.115419,-0.070591,-0.090456,-0.048896,0.038782,-0.018534,-0.004177,-0.017849,-1
-6.978,-0.074363,-0.582266,-0.619291,0.149046,-0.365084,-0.577892,-0.112992,0.40627,0.218636,-0.274886,-0.007473,0.362862,-0.218037,0.182999,0.014357,-0.233532,-0.272189,-0.03102,0.058662,0.242938,0.156207,-0.115112,0.078334,-0.209609,0.000989,0.013308,-0.008668,-0.332627,-0.036644,-0.106858,0.019681,-0.109894,0.177526,0.05372,0.052266,-0.163778,0.058229,0.058102,0.030714,0.000934,0.234537,-0.05875,0.180133,-0.044073,-0.193863,0.024887,0.079506,-0.112101,0.157639,-0.036665,-0.019821,-0.006985,-0.161175,-0.064025,0.134561,0.036666,0.090924,-0.040814,0.035229,0.024913,-0.045514,-0.020088,-0.040003,0.027267,-0.110937,-1
12.212602,-2.569381,3.671502,-2.493154,-4.470462,1.645429,0.679018,1.430334,-0.298258,0.375419,-0.147151,0.870241,-0.467188,0.260925,0.338792,0.751506,-0.553516,0.069142,0.020138,0.231837,-0.016454,-0.671826,0.364862,0.132675,0.048192,0.171457,0.239823,-0.006478,-0.077556,-0.032287,-0.134642,0.193209,-0.06585,-0.049012,0.078245,0.085782,0.013248,-0.031005,-0.047389,-0.031993,0.047538,-0.087029,0.062801,-0.031988,-0.023204,0.041052,-0.087605,0.016062,-0.013153,0.065113,-0.048642,-0.04101,0.045331,-0.0791,0.073836,0.009887,-0.027169,0.130877,0.031997,-0.060443,0.029586,0.071199,0.024113,0.010371,0.055625,0.294931,-1
-5.494224,-1.164321,-0.262574,-1.402051,-1.693226,0.837365,0.549811,-0.250312,-0.475769,0.121318,0.725539,0.431206,0.29765,-0.299451,-0.73968,-0.004602,0.166508,-0.161791,0.230855,0.247376,-0.141772,-0.265883,-0.160597,0.006373,-0.159276,0.261046,-0.292281,-0.075449,-0.139442,-0.0012,0.094844,-0.24721,0.114025,0.140996,0.01839,-0.074163,0.124276,0.107147,0.080701,-0.039152,0.027322,0.062267,-0.062417,-0.10836,-0.088725,-0.142563,-0.007624,-0.093832,-0.019195,-0.102424,0.051464,0.037605,0.003709,0.077207,-0.01657,-0.011912,-0.037461,-0.018076,-0.004682,-0.116264,-0.018089,-0.028135,-0.064002,0.005186,0.143335,0.096959,-1
0.613077,4.651897,2.170035,-0.774536,-1.241588,-1.671566,0.450917,0.446681,0.510908,0.392204,-1.324057,-0.011484,-0.316377,-0.338752,0.43078,0.061441,-0.060523,-0.121608,0.195555,0.372201,0.176949,-0.104936,-0.089495,-0.188449,0.065149,-0.481158,-0.303421,-0.007864,0.204469,-0.004197,-0.13969,0.408647,0.11741,-0.243282,0.151121,-0.006578,0.198584,-0.009505,-0.062411,0.091736,-0.010621,0.025623,-0.15313,-0.003577,-0.13123,0.039033,0.098949,0.117262,-0.004499,0.004866,-0.101896,-0.030972,0.068354,0.113617,-0.116041,0.003559,0.062645,-0.010381,0.053387,0.012881,-0.013101,-0.037517,-0.030205,-0.011286,0.037992,0.001322,-1
-0.411735,1.931568,-2.602848,-1.397103,-0.764105,0.334082,0.216299,-0.933164,-0.209614,-0.105399,0.487962,0.358891,0.407347,0.230703,-0.145546,0.221829,0.262138,-0.122952,0.128612,0.129378,-0.091077,-0.327151,-0.027886,0.094744,-0.078877,-0.103352,0.022284,0.044965,-0.08549,0.031575,0.015071,-0.153835,-0.012352,0.117692,-0.175463,-0.039763,-0.155431,-0.029851,-0.205303,-0.058378,0.025393,-0.011965,-0.050052,-0.136394,-0.063335,0.019839,-0.143236,0.03956,0.035212,-0.035633,-0.047673,-0.140496,-0.054542,0.083309,-0.040585,-0.02164,0.031492,-0.022007,0.026651,0.079113,0.089174,-0.016525,0.092517,-0.153042,0.014598,0.0042,-1
-1.660049,3.190011,0.078428,-1.701544,-1.164296,-0.285591,0.088274,0.017863,0.111187,0.433494,-0.378961,-0.400654,0.181862,-0.898,-0.120842,-0.24548,-0.001311,0.222178,0.09353,0.010561,-0.241322,-0.270479,-0.201702,-0.081515,0.201938,-0.089703,0.016866,-0.229521,0.268998,-0.014703,0.152052,0.071883,-0.008637,0.038289,-0.124274,-0.032563,0.166679,0.000508,0.191225,-0.006668,0.051375,0.034035,0.04453,0.065753,-0.079016,-0.112957,-0.08699,0.126414,-0.218102,-0.055961,0.161787,0.020427,-0.096869,-0.045902,0.086035,-0.140373,0.073613,0.046118,0.067218,-0.000205,0.064905,-0.015999,0.025266,0.010532,-0.04462,-0.098651,-1
-0.383388,3.036313,-2.023322,-0.087914,-1.033531,-1.531191,1.326461,-1.372284,0.076483,-0.221965,0.97525,0.472356,-0.241599,0.76703,0.724807,-0.119677,0.366792,-0.057638,0.014491,-0.174845,-0.052442,-0.408536,-0.270049,0.103013,0.149334,0.22139,0.126557,-0.091023,-0.059727,-0.003421,-0.027076,-0.202026,-0.00172,-0.033703,0.115432,-0.041159,0.070039,-0.119836,-0.191986,0.043313,0.005762,-0.091563,0.072458,0.295416,0.161557,-0.105184,-0.025242,0.052834,0.114402,0.044162,0.040988,0.039386,0.071971,-0.042345,-0.030937,-0.056054,0.099544,-0.075661,0.099336,0.027637,-0.02631,-0.008384,-0.000413,0.026672,0.047903,-0.085874,-1
-5.876772,-0.337113,-2.591081,1.476193,0.046024,-0.943361,-0.800974,-0.67027,-0.197081,-0.074071,-0.2198,0.292149,-0.061397,-0.609916,0.10255,-0.047553,-0.050623,0.0875,-0.555864,0.07281,0.101907,-0.186595,-0.4561,-0.044342,0.105705,0.030642,0.160812,0.12884,-0.071283,0.157431,-0.075609,0.027219,-0.049087,0.167106,0.006487,-0.05733,0.154088,-0.055203,0.004565,0.12084,0.119966,-0.202828,-0.035112,0.038315,-0.133843,-0.055976,-0.03167,0.036729,0.065981,-0.065156,-0.072312,-0.007954,0.058967,0.000489,0.010646,0.017975,-0.151998,0.056605,-0.067891,0.00799,-0.032454,-0.090529,0.125029,0.071246,-0.011063,-0.102083,-1
4.734931,3.666599,-1.509285,1.080358,-1.250486,-1.398164,2.250499,-1.47674,-0.583893,-0.383573,0.508495,-0.055115,-0.185001,-0.732043,0.176393,-0.110714,0.121342,-0.45839,-0.430491,0.291543,0.181449,0.197422,-0.400842,0.092633,-0.043608,0.133533,-0.175603,0.054671,-0.001107,-0.093099,0.037688,0.026361,0.057658,-0.108727,-0.066137,-0.026629,-0.04279,-0.188055,-0.091654,-0.032466,0.071712,-0.046448,0.165253,0.105286,-0.060842,0.114075,0.129713,-0.002005,-0.118449,-0.011506,0.064984,0.019086,0.018847,0.023723,0.022243,-0.055183,-0.095303,0.070042,-0.122146,0.061253,-0.027538,0.073596,-0.06968,-0.07449,0.017625,-0.097793,-1
2.424858,4.079987,0.082887,-3.793456,-0.745496,3.964804,1.32537,0.297178,-1.226052,-0.414988,0.458441,-0.278296,0.067041,0.477086,-1.616081,-0.276261,1.122686,0.100464,-0.274523,0.253028,-0.170019,0.272901,0.028321,0.548381,0.190194,-0.469565,0.264221,0.532666,0.138379,0.135374,0.092867,-0.08825,-0.025809,0.032501,0.061563,0.138615,0.043705,-0.03548,0.151571,-0.034417,0.042732,0.01415,-0.108573,0.062419,0.058729,0.037046,0.08075,0.033355,-0.021681,0.056348,-0.032569,0.024184,0.059317,-0.030913,-0.011626,-0.009711,-0.015481,0.001231,0.013711,-0.00543,-0.018332,0.000186,0.016293,-0.001237,0.002633,-0.10081,+1
1.188251,2.855338,-2.532787,0.41829,-0.599163,-0.321946,0.850399,-1.849984,-0.8878,-1.113225,0.426724,0.013792,-0.337788,-0.314297,-0.53257,0.022965,0.082713,-0.294957,-0.018925,0.143118,-0.112163,0.38061,0.201338,-0.08139,-0.265907,0.004809,-0.204084,-0.008455,-0.147765,-0.202329,-0.121513,0.048117,0.19195,0.061704,-0.134834,0.016046,-0.073855,-0.003895,-0.221924,-0.004432,-0.004969,-0.064543,-0.100548,-0.113864,0.023668,0.086041,-0.038682,-0.010823,-0.033173,0.059806,-0.099146,-0.018105,-0.072613,-0.043592,0.174018,-0.009054,0.088839,0.065155,0.059813,0.017809,-0.036692,-0.090838,-0.04692,0.088196,-0.007093,-0.11145,+1
7.980261,4.197887,0.771687,3.545645,0.907764,0.580479,-0.675285,-0.579379,0.193952,-0.240711,-0.130084,0.016804,0.624649,0.520855,-0.070466,-0.007793,-0.263636,0.425333,-0.267726,0.332291,-0.00485,-0.273385,-0.277154,-0.361804,0.496737,0.13512,0.116803,0.117448,0.3318,-0.009517,0.146126,-0.168193,0.109357,-0.072754,0.052019,0.243851,0.121106,-0.022413,-0.148658,0.055797,-0.109116,0.188032,-0.13893,0.042265,-0.076484,0.045371,-0.113695,-0.205648,-0.037696,-0.048023,0.056752,-0.07431,-0.064893,-0.064663,0.00299,0.10903,0.012951,0.003653,-0.032961,0.029228,-0.035416,0.013452,0.004191,0.017843,0.01022,-0.035302,-1
-1.858841,2.549942,-0.545993,-1.883214,-0.609841,1.437932,-0.034163,1.179753,-0.483513,-0.234584,0.288437,-0.088474,0.364346,-0.091436,0.54446,-0.275354,-0.055566,0.208076,-0.037757,-0.139478,0.088691,-0.064694,-0.048076,-0.119661,-0.292259,0.000845,0.025464,-0.142558,-0.060004,0.039696,0.032131,0.239787,-0.05651,-0.066238,-0.168499,0.098452,0.090944,-0.080838,-0.092538,0.033155,0.106141,-0.015924,-0.131152,-0.067444,0.009007,-0.014889,0.033113,0.099788,0.036188,0.094442,0.03528,0.068415,-0.084247,-0.047486,0.087385,0.023899,0.089149,-0.156497,-0.167965,-0.075222,-0.056473,0.046076,0.057207,-0.015825,0.019752,-0.046556,-1
8.669611,3.455453,0.512609,0.824016,2.366809,3.317314,-0.792067,0.406084,0.31222,-1.133359,0.284561,0.264079,0.391428,-0.133811,-0.46352,-0.471362,-0.893877,-0.094752,-0.582013,-0.385904,-0.37203,0.124658,-0.011431,-0.065748,0.42885,-0.077656,0.033314,-0.2816,-0.172344,-0.174984,0.002424,0.226309,0.021203,0.228274,0.093374,-0.187871,-0.236049,0.114644,0.028919,0.140309,0.051697,-0.016298,-0.026235,-0.027569,-0.029735,-0.024741,0.022735,0.04094,0.095226,-0.031208,0.063267,0.12315,-0.017029,0.066544,-0.037815,-0.010217,0.036187,0.057514,0.046743,0.040651,-0.081296,0.041121,0.019783,-0.02346,0.024613,-0.29529,-1
3.734314,2.028533,-1.339521,0.319925,0.460345,0.878825,-1.655823,0.676004,0.295103,-0.486158,0.327757,0.026801,0.552437,-0.379577,-0.136521,-0.135904,-0.33745,0.349566,-0.244822,-0.365028,-0.245148,-0.229848,-0.023936,-0.264033,-0.178536,-0.089836,0.209273,-0.002382,0.007477,0.005985,-0.084836,-0.035788,0.08788,0.037969,-0.026097,0.174384,0.009457,0.104452,0.002201,0.062073,-0.019495,-0.143849,-0.119031,0.035052,-0.016524,0.045954,-0.120592,0.080951,0.108962,0.053007,0.037208,0.032284,0.106475,-0.022776,0.003747,-0.039781,-0.080761,-0.044401,-0.05259,0.01358,0.149028,-0.037248,-0.149433,-0.013435,-0.020039,-0.023612,-1
-1.914451,2.173644,2.709653,-1.128316,0.018394,-1.121118,-0.557288,2.217223,-0.818355,-0.141052,-1.144495,-0.409741,0.738425,-0.341944,-0.194535,0.49823,-0.273597,-0.349779,-0.261404,-0.172953,-0.321379,0.166871,-0.531147,-0.464875,-0.089357,-0.300443,0.058426,0.090543,-0.417814,-0.191358,0.105966,-0.312828,0.311435,-0.240927,0.130451,0.096706,-0.080406,0.05339,0.008808,-0.221996,-0.005464,-0.047423,0.185805,0.011167,0.058743,0.04726,-0.104268,0.059756,-0.037401,-0.0691,-0.062865,0.026074,0.024634,-0.033749,-0.019946,0.016385,0.02256,-0.021208,0.002818,-0.027768,-0.036343,-0.000853,0.037644,0.002803,-0.003044,-0.05475,-1
-4.425274,-1.271048,4.097601,1.633925,0.296848,0.489197,1.380125,0.666234,-1.109383,-0.368406,-0.088614,-0.043973,-0.293261,0.304012,-0.065576,1.201022,0.617567,-0.373625,0.182314,-0.108103,0.253272,0.400246,0.13841,-0.031817,0.434273,0.537351,-0.363186,-0.106153,-0.15997,-0.173664,-0.098861,-0.026013,-0.040265,0.119678,-0.118198,-0.03086,0.043338,-0.004376,0.211759,0.133668,0.014086,0.01403,-0.134242,0.127739,-0.047629,0.171672,-0.212632,0.089959,-0.059344,-0.008143,-0.052645,0.023793,0.037661,0.031594,-0.004553,0.006951,-0.000654,-0.066919,-0.006573,0.034419,0.012875,0.039738,0.007102,0.006893,-0.006885,-0.063758,-1
-5.769344,0.429558,-1.108941,-0.575444,-0.154116,0.155334,-1.581921,-0.271744,0.306718,-0.183411,0.462878,-0.041054,-0.139399,0.776544,0.318803,0.072116,0.27699,-0.00591,-0.176342,-0.103812,-0.078906,-0.035413,-0.080048,0.210358,0.296104,-0.167761,0.224217,-0.210833,-0.039277,0.333644,-0.133274,0.002596,-0.010753,0.10479,0.120036,0.068446,-0.191114,0.070097,-0.024276,0.068665,-0.169004,-0.009056,0.157414,0.117488,-0.077799,0.093856,0.038246,0.109195,-0.079989,-0.061938,0.013917,-0.127311,-0.01362,0.170382,0.116051,0.083924,0.050515,0.001679,-0.040196,-0.126763,-0.007178,-0.012492,-0.037115,0.007973,-0.015293,-0.23276,-1
-6.864846,-0.309479,0.54509,0.843713,0.489147,1.108745,-1.250493,-1.191899,0.327654,-0.538479,-0.385409,0.44847,-0.181231,0.090011,0.31647,-0.245483,0.117403,-0.326177,0.170187,0.065698,-0.192541,-0.218548,0.26256,0.40445,0.271612,-0.095665,-0.402161,-0.298989,-0.104299,0.346399,0.255059,-0.175007,-0.048755,-0.313,0.135751,0.18241,-0.032265,0.334576,-0.040757,0.162707,0.21309,-0.040784,0.095873,-0.099426,-0.039243,0.081163,0.058879,-0.002705,-0.016626,0.016521,-0.021587,-0.007521,-0.023094,-0.130987,0.005511,-0.029355,-0.0386,-0.032105,0.007443,0.051332,0.001543,0.00731,-0.001158,0.003666,0.002574,-0.194348,-1
0.536747,0.456287,3.871082,5.863719,-0.348897,-2.370639,0.049258,-0.167077,-1.227026,2.96403,0.780122,-0.35835,1.026082,-0.435151,0.469622,-1.158322,0.783787,0.136729,0.18474,-0.037649,-0.249132,-0.197124,0.701702,-0.071563,0.209067,-0.112213,0.143672,0.240468,-0.259209,-0.434147,0.183612,0.024382,-0.154159,0.046513,-0.033422,0.064029,-0.065842,0.0439,-0.004163,-0.017105,0.023994,-0.054234,0.002138,0.031169,-0.08755,0.029024,0.069573,0.01085,0.04563,-0.024674,-0.012909,0.004694,-0.008768,0.006722,0.010488,0.005803,0.014145,0.005831,0.002967,-0.025507,-0.006565,-0.014423,-0.004303,-0.003563,0.001999,0.064255,+1
2.060264,2.083442,1.255174,4.645426,-0.428153,-2.73152,-1.471382,0.176066,-1.597749,1.097391,0.329165,-0.33452,-1.209525,-0.734777,-0.69082,0.253099,0.015607,-0.132786,-0.483819,-0.464461,-0.772986,-0.103458,0.127774,-0.107004,-0.085665,0.137994,-0.318693,0.08681,0.083457,0.669138,0.008499,0.177424,0.008844,-0.070776,0.078208,-0.031013,-0.067707,-0.09849,0.04624,-0.044808,0.059188,0.132046,-0.038117,-0.023336,0.198621,-0.097185,-0.072474,0.009404,0.04,0.03128,0.004758,-0.025908,0.017611,0.04446,0.029384,0.042431,-0.003492,0.013122,-0.004069,0.00782,0.005404,0.016565,0.005726,-0.013473,0.000593,0.141379,+1
1.629744,0.700262,4.966086,4.091963,-0.297006,-0.366742,-2.586041,-0.311927,-0.235987,1.329154,1.881231,0.336731,-0.727616,1.364408,-0.934391,-0.179795,-0.162101,0.589426,0.102909,0.69834,0.255628,0.308369,-0.539183,-0.008719,-0.364532,0.0182,0.055775,-0.530566,0.176399,-0.0163,-0.2527,0.014479,0.078827,-0.057137,-0.098227,-0.022523,-0.099491,0.088904,0.026085,-0.105541,0.022329,-0.082895,-0.026177,-0.0042,-0.019306,0.029402,0.070153,0.047628,-0.037451,-0.0343,-0.020477,0.034512,0.00583,-0.069663,-0.063748,-0.019174,-0.001406,-0.006356,0.008857,-0.010032,0.019557,0.004601,0.028503,0.004431,-0.009436,0.145739,+1
5.420397,-3.45729,-1.770668,-6.720003,4.711257,-1.154739,-2.290824,-0.665855,-0.448666,0.417094,1.336166,0.444861,0.36504,-0.461174,-0.201282,0.104885,0.281932,-0.160693,0.456486,-0.195178,0.045434,0.437189,0.111913,-0.180946,0.168389,-0.162512,-0.336732,-0.313988,0.013037,0.019058,0.031826,0.278938,-0.126809,0.011674,-0.021343,0.377998,0.016248,-0.129346,-0.06872,-0.143411,0.033958,-0.011625,0.083236,0.092988,-0.097781,-0.057126,-0.073784,-0.130726,0.033612,0.00233,-0.011892,0.007324,0.056271,0.017122,-0.023105,-0.007139,-0.017058,0.007026,0.020619,-0.013119,0.001932,0.010955,0.019331,0.015291,0.000917,0.056785,+1
13.422952,-3.209193,3.273637,-1.873607,4.788329,-2.049537,1.511689,0.308354,-0.411954,-0.445027,0.366894,-0.337277,-0.044554,-0.137524,0.4861,-0.96404,0.729807,-0.040962,0.122115,-0.735675,0.266115,0.096186,-0.458028,0.071705,0.011584,0.239619,0.000916,0.133761,0.096345,-0.080199,-0.305617,-0.141964,0.059032,0.025875,0.292178,-0.068066,0.050705,0.092267,-0.019698,0.088355,0.009479,0.015303,-0.064184,-0.183226,0.050722,-0.069964,0.045164,0.102343,-0.071439,-0.034268,-0.025395,-0.122835,-0.004764,-0.05514,0.029244,-0.028389,-0.00896,0.005546,-0.009346,-0.021594,0.018474,0.01991,0.00694,-0.006434,0.004959,0.497164,+1
3.750993,-3.102422,-0.630935,-3.822299,6.547677,0.395849,-1.016758,-0.929216,-0.798029,1.666536,-0.134548,0.877595,0.11867,0.426544,0.380472,0.312664,-0.413899,-0.404469,-0.712391,0.662585,-0.178964,-0.212595,0.024004,-0.054884,-0.273623,0.093888,-0.059884,0.312512,0.158537,0.011907,0.330045,-0.01217,0.05751,-0.084505,-0.170909,-0.369217,0.108472,0.169583,0.026105,0.032377,-0.027125,-0.009163,-0.005519,0.113147,0.041474,0.094351,0.007955,0.039873,0.003466,0.047777,-0.023376,0.012331,-0.001285,0.004808,0.036406,0.030173,0.026241,0.00878,0.004344,-0.031883,0.01034,-0.005422,-0.005823,-0.012437,-0.0031,-0.066143,+1
4.667658,2.059696,0.808326,1.180015,-0.042561,2.644387,-0.005726,-3.199649,0.267233,0.469176,-1.339994,-1.295297,0.240041,-0.502227,-0.02491,0.049672,-0.582808,-0.22596,0.09697,-0.111988,0.20961,-0.16408,-0.16149,-0.013425,0.279257,0.14602,-0.270877,-0.009676,0.08368,-0.051769,-0.192512,-0.233719,-0.098713,0.017682,-0.333383,0.253561,0.04756,0.046402,0.062363,-0.022776,-0.146699,-0.054495,0.041071,-0.007659,0.143524,-0.109338,0.13012,0.051892,0.058048,0.030408,-0.140356,0.053739,-0.014347,0.047424,-0.00545,0.007376,-0.016194,0.01188,0.016538,-0.077213,0.029473,0.032326,0.020935,-0.014935,-0.012324,0.077729,+1
-2.749693,0.246792,1.985174,0.776915,0.951908,-0.683828,0.453619,0.071062,-1.296506,-1.82057,-0.081467,-0.689348,-0.762045,0.083896,-0.566588,0.53652,-0.202251,0.454221,0.503468,-0.231719,0.854679,-0.72112,-0.029325,-0.458706,-0.317566,-0.087553,-0.269566,0.289817,0.206427,-0.100452,0.367716,0.035767,-0.31506,0.142931,0.162987,0.024752,-0.228193,0.155903,-0.042928,-0.090102,-0.025654,-0.0825,-0.010432,0.060939,-0.00589,0.00981,0.077197,0.004088,-0.022857,0.024059,0.063052,-0.000595,0.029037,0.038039,0.022061,-0.00748,0.005009,-0.001398,0.000315,0.015739,-0.007005,-0.000172,0.01827,0.018308,-0.001634,-0.041211,-1
-1.90782,-1.521913,2.010758,-1.863743,2.359733,-1.673881,1.216462,0.189518,0.554883,-0.954539,0.459683,-0.834043,-2.44103,-1.387722,0.92606,0.160121,-0.051403,0.361583,-0.066664,0.951698,-0.380374,-0.00826,0.320319,-0.130341,0.196298,-0.049127,0.466216,-0.20823,-0.054883,0.017981,0.118685,-0.217298,0.141079,0.285188,-0.014891,0.139769,-0.020156,-0.021635,0.031895,-0.046528,0.019821,-0.009165,-0.059061,-0.045676,0.050415,0.033068,0.058791,-0.005589,-0.004162,0.011954,-0.01864,0.017937,-0.0248,0.005147,-0.068677,0.008956,0.006721,-0.024814,-0.003215,-0.000135,-0.005233,0.010784,-0.004985,-0.006242,0.001275,-0.203713,-1
9.875335,-7.426681,-1.584426,3.442411,-2.511721,-2.683656,-3.991498,1.075893,-2.114988,-1.772905,-0.283764,1.041988,0.917276,-0.085151,0.164957,0.447456,-0.020108,-0.586214,0.981256,0.192664,0.019296,0.325111,-0.046035,0.00212,0.173912,-0.210893,0.276275,0.097497,0.105704,0.20213,0.120786,-0.148515,0.065719,0.086771,-0.126604,-0.068259,0.071142,-0.019739,-0.029565,0.10449,-0.042394,-0.011785,-0.007486,0.008777,0.003373,-0.057869,0.104479,0.033597,-0.026721,0.074194,-0.008269,0.058914,-0.060785,0.02964,-0.024369,-0.028332,0.001972,-0.005055,0.009585,0.005223,-0.001504,0.010774,-0.006737,-0.002361,-0.000689,0.297181,+1
8.684067,-5.309572,-1.842665,3.301004,-2.417931,3.082299,-1.572558,0.497235,1.055199,-1.209045,0.322454,0.219399,0.089189,-0.200224,1.507004,-0.714814,0.088596,0.775708,-0.899967,-0.112532,0.078066,0.23239,0.272162,0.225679,-0.263781,-0.150819,-0.549609,0.067982,0.17801,-0.075022,0.132758,-0.117699,0.09846,0.052342,-0.051295,-0.004332,-0.073624,-0.054226,0.102577,-0.142491,0.031023,0.038866,0.000685,0.064595,0.022911,0.004473,-0.051621,0.001167,-0.107655,-0.024519,-0.042039,-0.035104,0.086749,0.026984,-0.025988,-0.012572,0.031438,-0.025379,0.005043,-0.009126,-0.003154,-0.032559,0.02932,0.015872,0.013308,0.214855,-1
2.925026,-0.893185,-1.284121,-2.682973,-1.987314,-1.973867,-3.449783,0.297503,1.146015,2.150195,-1.329773,1.014835,-2.085334,-0.076323,-0.409123,0.368451,0.213868,0.7208,-0.264061,-0.651385,0.459633,0.246967,-0.314783,0.350732,0.252352,-0.21914,-0.096713,0.191613,-0.14455,-0.299595,0.064654,-0.214916,-0.064043,0.016241,-0.124894,-0.009215,-0.007361,0.030102,-0.068778,0.06712,-0.008162,0.003082,-0.015709,-0.067392,0.003095,0.011854,-0.029086,-0.028901,0.043919,0.036705,0.086104,0.032765,-0.036187,0.02316,0.023188,0.004174,0.021212,-0.000183,-0.023014,0.02747,-0.022287,0.002096,-0.023732,0.000101,0.011417,0.089996,+1
8.087852,1.564854,-7.903095,1.631155,0.719544,0.363894,-1.417726,-0.257623,1.102912,-0.604625,-0.963402,0.307141,-0.42257,0.940754,-0.370119,0.652233,1.190863,0.224296,-0.23506,0.315625,-0.419806,-0.176366,0.40844,-0.695706,-0.227238,0.091083,-0.062791,-0.011683,-0.393588,-0.128709,-0.23512,0.12036,-0.174337,0.003911,0.09227,0.014918,0.154996,0.043835,0.098269,0.000438,-0.045381,0.01032,0.06732,-0.014713,0.043097,-0.011864,0.111181,0.025239,-0.059969,-0.051598,0.034988,-0.01996,-0.057016,-0.030836,-0.042676,-0.024745,-0.037774,-0.017361,0,-0.003172,-0.003226,0.014549,0.010882,-0.007921,-0.006883,-0.04432,+1
-1.290881,1.465117,-0.085508,-3.182563,0.462994,0.329029,-0.395773,0.10587,-0.35551,0.56078,-0.723899,0.767289,0.256495,-0.042598,0.484601,-0.671136,0.057729,0.335793,0.538744,-0.381878,0.197505,-0.357341,0.056886,-0.381273,-0.353577,0.198207,0.146062,0.217644,0.116633,0.33049,-0.339573,-0.143463,0.097987,0.007772,-0.198532,0.099846,-0.256126,-0.174156,0.181696,0.134513,0.15904,0.104791,0.045952,0.018805,-0.01009,0.211046,0.055799,-0.055611,-0.009874,-0.073798,0.001965,0.09033,-0.037065,-0.002627,-0.031322,0.008609,-0.00186,0.013555,0.066147,0.013878,-0.034957,-0.030681,-0.005624,0.00575,0.014801,-0.073355,+1
0.057423,-1.505814,-5.247088,2.923485,2.218623,-0.118174,1.827247,1.477919,-0.217175,0.867064,-1.432011,0.710299,-0.017106,-0.161896,-1.073093,-0.686747,0.293258,-0.448959,-0.035412,-0.018294,0.771781,-0.640074,0.267204,0.338878,0.011323,-0.051928,-0.007546,-0.553948,0.129522,-0.056282,0.180777,0.091318,0.395281,0.15903,0.088373,0.014216,-0.03931,-0.171787,0.066342,-0.007847,-0.106372,-0.057648,0.06135,-0.01627,0.064637,0.011827,-0.033265,-0.012343,-0.003999,0.031827,-0.049349,-0.000594,-0.007239,-0.038589,-0.015,0.028719,-0.007343,-0.028097,-0.016318,-0.004603,0.003707,0.003009,-0.00152,-0.00333,-0.008045,-0.123396,+1
-2.267048,-6.797474,2.525058,-3.164973,-0.887913,-1.60881,-0.667657,1.658731,0.591077,-0.854695,0.543352,-0.983448,0.891533,-0.65152,-1.079273,-0.645673,0.122611,0.35071,-0.644699,0.681983,-0.246654,-0.472071,-0.01873,0.070327,0.016258,0.060087,-0.280147,-0.160682,-0.018457,-0.157193,-0.229407,-0.206213,-0.282887,-0.27521,0.022754,-0.100562,-0.05279,-0.178871,-0.036547,0.16064,-0.116654,0.014792,0.046683,-0.002997,0.0244,0.02826,0.005637,-0.003731,0.029987,0.078173,0.001878,0.029974,-0.059746,0.058122,0.003921,0.042457,-0.003049,-0.010934,0.004909,0.047975,0.013252,-0.009244,0.002492,0.025772,-0.013289,0.192794,+1
0.369198,-4.628839,-2.086326,0.80165,1.624078,-2.163875,3.224878,1.69926,-0.931705,-0.273802,-1.550672,-1.618376,-0.446957,2.022288,-0.032809,-1.094057,-0.671347,0.286239,-0.142921,0.207338,-0.008419,0.224875,-0.015118,0.071133,0.054883,-0.024139,-0.011246,0.024691,-0.361392,0.256457,0.018302,0.033736,-0.041229,-0.059259,-0.29464,0.13032,0.030231,0.026614,-0.048835,-0.010896,0.065059,0.004503,-0.056403,0.022824,-0.06645,-0.076141,-0.028762,-0.048408,0.006577,-0.016708,0.044528,-0.012961,0.054548,0.047273,0.023259,-0.068298,0.014065,0.040122,0.011509,0.010858,0.004099,0.004465,-0.014548,-0.001174,0.010656,-0.026144,+1
-5.401892,-0.721042,-0.75157,-1.091932,-0.933972,0.50025,-1.010733,0.94015,0.481299,0.499001,-0.957909,-0.519259,0.561994,-0.533549,-0.608952,0.08312,0.303887,0.669824,-0.294202,0.092564,0.185909,0.642764,0.396712,-0.097407,-0.03993,0.802379,0.324806,0.078825,0.318544,0.055293,0.117297,0.126006,0.127577,0.00609,0.079353,0.056698,-0.036322,0.16954,-0.316849,0.034724,-0.024214,0.105227,0.130512,0.00406,-0.014236,-0.04168,0.052799,0.060144,-0.019504,-0.013746,-0.060986,0.057076,0.074605,0.029044,0.012178,-0.066904,0.000924,-0.01146,0.01194,0.020574,0.008735,-0.004233,0.025318,-0.013598,0.017038,-0.057185,+1
2.646942,2.486144,5.295129,0.743867,0.924491,-4.858283,4.602567,0.110974,3.095482,-0.773102,0.241813,2.014076,1.260225,0.189086,-0.497217,0.916871,-0.088547,0.501825,-0.469374,-0.26605,0.056484,0.284429,0.327011,0.054587,-0.078563,-0.089233,-0.058078,0.050407,0.033975,0.251428,0.119097,-0.067037,-0.007378,0.051574,-0.164572,0.063684,-0.000954,0.01181,0.084812,-0.005345,0.000425,-0.082166,0.026523,-0.010576,-0.009448,-0.056898,0.065464,0.002119,0.024435,0.019057,-0.009757,-0.003262,-0.044634,0.000653,0.003602,0.008751,0.00343,-0.000963,0.001787,-0.02571,-0.003435,-0.008947,0.003012,-0.001193,-0.004414,0.089303,+1
6.597283,5.818957,-0.333887,-0.767213,0.093992,-1.906402,-3.872547,0.980548,2.969719,-0.031033,1.283868,-2.725461,0.18925,0.461433,-0.111464,0.214265,-0.303854,-0.946303,0.329503,0.073359,0.691431,-0.131067,0.466659,0.272502,-0.036243,0.114271,0.022854,0.238848,-0.087426,0.109357,0.045662,-0.059123,0.118081,0.016901,0.009418,-0.126438,0.07099,-0.050696,0.059904,-0.021268,0.11308,-0.013101,0.010802,-0.006542,-0.010599,0.01014,-0.050086,-0.014261,0.000443,-0.020868,-0.002026,0.015766,-0.008184,-0.002169,0.013765,-0.005249,-0.011005,-0.003558,-0.00163,-0.006494,-0.021014,-0.013025,0.001165,0.003839,-0.002044,0.14789,+1
-5.431176,-1.996524,-0.699721,0.031515,-0.2517,-1.113926,0.224646,0.023308,-0.659804,-0.747204,-0.097278,-0.518269,-0.208885,0.075208,0.433097,0.276124,0.274166,0.22393,-0.406295,0.093692,0.203854,0.055019,0.017562,0.215054,0.128051,-0.303888,-0.094374,0.263669,0.201811,0.070568,-0.182751,0.236832,-0.068339,0.028861,0.077162,-0.125777,-0.070011,0.024176,-0.021189,-0.024875,-0.0842,-0.007085,0.044257,0.055294,-0.020142,-0.047336,-0.096264,-0.069228,0.139414,-0.236487,-0.134382,0.131011,-0.156051,-0.145699,0.000237,-0.034293,0.026057,0.004818,-0.020641,-0.032791,0.040411,0.031285,-0.045542,-0.029247,0.013334,-0.10915,-1
-6.77009,-1.281128,0.021842,-0.982564,-1.34352,0.060013,-0.785997,0.262252,-0.11518,0.017123,0.091879,-0.419669,0.265494,-0.310917,0.176644,-0.045434,-0.057595,0.339299,-0.026548,-0.030202,0.01204,0.05147,-0.030628,-0.013938,-0.259073,-0.057186,-0.044561,-0.019399,0.052367,-0.065095,-0.04494,0.073487,0.187555,0.047008,-0.102213,-0.003365,0.026804,0.080034,0.076305,-0.019643,-0.075873,0.014718,-0.0592,0.099188,-0.0533,-0.051955,-0.006843,0.042916,0.133929,0.059216,0.021119,-0.195636,-0.063486,-0.047952,0.058502,-0.023656,-0.165612,-0.044648,0.129011,0.010008,-0.140313,0.077046,-0.029479,-0.039819,-0.024794,0.024036,-1
-5.925807,-1.07843,-0.948988,0.086064,-0.122555,0.028217,0.493471,0.532805,-0.505639,-0.412145,0.5245,-0.419595,0.355855,-0.103318,0.581167,0.26253,0.274873,-0.077598,-0.046118,-0.162236,0.266102,0.276598,0.053267,0.281116,-0.228419,0.005981,0.079078,-0.057618,0.038384,-0.192543,0.009289,0.213329,0.13961,-0.191676,-0.062898,0.196404,0.125665,0.132961,0.002727,0.061731,0.004123,-0.125857,-0.065033,0.009483,0.268231,0.043252,0.019374,-0.007886,0.003615,-0.089877,0.19206,0.024684,-0.075133,0.071741,-0.037708,0.153667,-0.038007,0.093616,0.043114,0.01961,0.052193,-0.017236,0.03712,-0.008211,0.029016,-0.119577,-1
-5.380148,0.23136,-0.611697,-1.112813,-0.181157,0.07653,-0.22166,0.301745,-0.057657,-0.072735,-0.68707,0.6845,0.299755,-0.418685,-0.374653,-0.683829,-0.617265,0.178988,0.332747,-0.157934,0.03579,0.082293,0.458575,-0.098021,0.56215,0.02285,-0.013451,0.012662,0.082364,0.104915,-0.478039,-0.064134,-0.093799,0.013079,0.030605,-0.29615,0.099175,0.124967,-0.103128,-0.330575,0.103899,-0.170836,-0.090718,0.106208,0.108039,0.05408,0.023663,-0.100859,-0.12556,0.025781,0.033119,-0.048922,-0.01828,-0.009182,-0.019236,0.035252,-0.007151,-0.03335,-0.034363,0.006193,-0.015667,-0.01131,-0.011661,-0.020262,-0.002344,-0.156357,-1
-4.937255,-1.098092,0.97698,0.512359,0.501725,0.509065,-0.992841,0.787446,-0.373394,-0.319108,-0.024163,-0.880415,0.87988,0.072809,0.589455,1.094732,0.719278,0.302405,-0.474824,-0.487635,-0.050392,-0.422844,-0.49432,0.243495,0.248586,0.221154,-0.0032,-0.247412,-0.158843,0.114626,0.055354,0.113296,0.033355,0.107323,-0.089062,-0.118677,0.111131,-0.065575,-0.022029,-0.214473,0.003477,0.079545,-0.051474,-0.122318,-0.056667,0.142228,0.208902,-0.117141,0.085517,0.081119,0.025068,0.009928,0.05192,-0.049172,-0.024819,-0.032188,0.056217,0.05876,0.035021,-0.015049,0.010964,-0.035221,-0.02082,-0.010924,-0.035849,-0.149321,-1
-5.775414,0.357284,1.173457,0.309883,0.138417,0.798603,-0.799945,0.114734,-1.044586,-0.075939,-0.196032,-0.733493,-0.238114,0.161104,-0.200216,0.587709,-0.155002,-0.295458,-0.431519,-0.450193,-0.299836,0.144481,0.235132,-0.077875,-0.28597,-0.066998,0.211104,-0.02982,0.336574,-0.239024,-0.127888,-0.066619,0.005016,0.006959,-0.085178,-0.021653,0.058359,-0.044535,0.152634,0.219993,0.08681,-0.215359,0.156795,-0.035577,-0.075368,-0.128,0.051372,-0.225753,-0.040506,0.015692,-0.0294,-0.144318,0.058096,-0.015364,-0.038177,0.012598,0.132611,-0.017611,-0.029016,0.033447,-0.003229,0.022162,-0.016523,-0.010667,0.013874,-0.135714,-1
-6.790637,-0.927345,0.630609,0.622107,1.761679,1.391764,-1.341001,-0.934612,0.90837,-0.087499,-0.601199,0.651859,-0.025233,0.252735,0.396431,0.145752,0.124364,0.060565,0.42676,0.465423,-0.183468,0.067888,-0.035832,0.119,0.21317,0.350844,-0.076449,0.455242,-0.114705,-0.025963,-0.029089,0.11407,0.308444,-0.278455,0.189156,0.021356,-0.307215,-0.203181,0.138676,-0.085247,-0.090318,-0.184918,-0.140133,-0.056178,-0.095091,-0.168431,0.044805,-0.026012,0.017862,0.05519,0.088205,0.014823,-0.01313,0.025119,0.038332,-0.033911,0.022726,-0.002917,-0.011964,0.010553,0.041964,0.025384,0.013806,0.015866,-0.012383,-0.026866,+1
-3.073732,-0.474623,6.256316,3.822261,4.521522,3.563159,-0.848237,-0.444621,0.246912,-0.813964,-0.211764,0.39663,-0.42341,-0.440788,-0.453063,0.223022,-0.373857,0.512765,0.698334,-0.287639,-0.170992,-0.21745,0.154822,0.575625,-0.373789,-0.167517,0.10543,0.215233,-0.344731,-0.033179,-0.118119,0.103365,0.039229,-0.01514,-0.080344,-0.036463,0.237636,-0.159923,-0.213036,0.027653,-0.050535,0.127453,0.141051,0.069544,-0.009272,0.002296,-0.032676,0.016545,-0.059242,-0.04872,0.017996,-0.01738,-0.026154,0.026072,-0.032471,-0.043237,-0.024291,-0.01794,-0.012082,0.010153,-0.000102,-0.007291,-0.004827,0.018294,0.001124,0.107169,-1
-5.986139,0.15104,1.943122,0.511263,0.807529,1.035661,0.082884,0.083623,-0.944835,0.272313,-0.381404,0.382064,-0.357972,1.12546,0.428603,0.312927,-0.479237,-1.036478,-0.826838,-0.262441,0.095802,0.275156,0.511098,-0.120457,-0.050802,-0.100198,0.036137,-0.127933,0.357913,-0.173197,-0.108122,-0.307187,-0.163747,0.014571,0.202753,0.093891,0.048208,-0.229105,-0.094187,-0.135819,0.043351,0.118528,-0.014875,-0.085476,-0.090262,-0.022849,0.045423,0.132436,0.058289,0.02687,0.091008,0.042906,-0.078468,0.017547,0,-0.033378,-0.087768,-0.001369,0.023506,-0.009926,0.016763,-0.041154,-0.004215,0.012107,0.001064,-0.175372,-1
-2.213873,-2.289227,-2.954647,0.602099,-1.120826,1.9132,2.024312,1.251222,0.393294,1.996798,1.148752,-0.413175,0.206499,-0.111134,0.017691,0.056597,-1.0618,0.099111,0.296064,0.084358,-0.073927,0.474006,-0.235078,-0.220367,0.045054,-0.032444,-0.388084,0.325983,-0.123192,0.248165,0.033146,0.000742,-0.00136,0.31311,0.263648,0.073343,0.128781,-0.068409,0.009196,0.110776,-0.166963,-0.095102,0.10238,-0.048276,0.028018,0.159434,0.083134,-0.004717,0.012394,0.045682,0.042829,-0.042634,-0.065412,-0.060629,-0.027196,-0.044069,0.035936,-0.02311,0.015232,0.027671,0.039728,-0.003222,0.022022,0.008093,0.01736,-0.003463,-1
5.182116,-2.247119,-8.302271,2.933068,1.958279,1.256202,3.611308,1.733027,0.523185,1.137838,0.762494,-0.682952,-0.019204,-0.437129,0.014911,1.451681,-0.305859,0.397301,0.82644,-0.096074,-0.427545,-0.042772,-0.166162,0.298455,0.079456,-0.056891,0.078494,-0.044136,0.289256,-0.181831,-0.105881,-0.131558,-0.119922,-0.259809,-0.020219,-0.049675,-0.160202,0.030718,-0.018573,-0.022764,0.152393,0.054284,-0.019052,0.01355,-0.068625,-0.050328,0.019088,0.059244,-0.000144,-0.025606,-0.033271,0.020759,0.007791,0.011347,0.020854,0.050614,-0.021032,-0.018716,0.006258,-0.01034,-0.037976,-0.031853,-0.016305,0.008543,-0.012462,0.106346,-1
-0.119129,-5.262753,0.85338,0.519034,-1.230375,4.249411,1.993356,-0.301195,0.528354,0.497238,1.650603,0.208447,-0.680784,-0.50501,-0.098962,-0.042427,0.329621,-0.379929,-0.340844,-0.422889,0.917339,0.046557,0.106876,-0.741592,0.210378,-0.197048,0.372142,-0.065686,-0.27921,0.298798,0.110828,-0.013927,0.036581,-0.367278,-0.115705,-0.145958,0.029528,0.021621,0.006712,0.008159,-0.068323,0.047929,-0.026158,-0.003389,-0.022556,-0.096319,0.014275,-0.034905,-0.007991,-0.013648,-0.036665,-0.008873,-0.01951,0.024283,0.005894,-0.020694,0.010493,0.008212,0.00683,0.037449,0.006394,-0.010025,-0.014852,0.005232,-0.013902,-0.020496,-1
4.945661,1.990945,3.244815,2.090084,0.712427,2.719293,0.735908,0.153844,0.950289,0.788925,-1.932651,-0.409009,0.512037,-0.588749,0.547855,-0.02483,0.985629,-0.194616,0.45602,0.621132,0.173111,0.523634,-0.258002,-0.044242,-0.460223,-0.167867,0.071798,-0.305134,0.048205,0.2964,-0.008358,-0.161312,-0.303675,0.101464,0.168337,-0.129264,-0.011345,0.002149,-0.037317,-0.017719,0.030691,-0.095907,-0.000607,0.013536,0.015709,-0.004267,-0.152863,-0.104394,0.109093,0.052051,0.067126,0.019146,0.005036,0.03924,0.059675,0.008497,0.021799,0.042058,0.006194,0.002349,-0.017881,0.008424,-0.01563,-0.006168,0.000952,0.252087,-1
-3.532813,-5.859141,1.590157,1.473877,-1.411149,0.580899,0.526472,0.983643,3.102732,-0.571646,-0.217766,0.402633,-1.011323,0.164131,-0.49524,-0.947007,0.397343,-1.491991,0.314457,-0.352105,-0.776021,-0.104074,-0.501778,-0.159186,-0.089487,0.147577,0.050314,0.212308,0.282287,-0.174298,0.10558,0.205708,-0.072972,0.078365,-0.16057,0.081019,-0.013974,0.066806,-0.067506,-0.085636,0.018541,0.012566,-0.010992,0.077122,-0.022274,0.084959,0.019538,-0.023255,0.04112,-0.008974,-0.019579,-0.001273,-0.009829,-0.020501,-0.002857,0.02295,0.009192,-0.000845,-0.000487,-0.019157,0.01117,0.000778,0.010815,-0.001101,-0.003364,0.165693,+1
4.663732,-9.62218,1.132865,-1.507529,-2.682819,-1.207271,1.203779,-5.212302,0.399926,0.157493,-0.842446,-1.446292,0.481011,0.451601,-0.599351,0.254067,-0.259472,0.414542,0.194261,-0.353293,-0.241749,0.070612,0.10721,-0.054402,-0.107049,-0.131398,0.225394,-0.132992,0,-0.02581,0.106975,0.122575,0.176098,0.011987,0.233176,-0.100006,0.015838,-0.057835,0.074239,-0.021503,0.098461,0.031501,-0.009412,0.001296,-0.025358,0.098249,-0.060947,0.048415,0.017462,0.011816,0.053824,0.031736,0.001386,-0.012852,-0.027323,0.048224,0.007127,-0.039037,-0.03527,-0.001546,-0.011945,-0.01466,0.006546,-0.010364,-0.000238,0.144755,+1
